scale_0cm,2469,767,20240703.jpg,5472,3648
scale_1cm,2735,772,20240703.jpg,5472,3648
scale_0cm,2577,2512,20240704.jpg,5472,3648
scale_1cm,2918,2541,20240704.jpg,5472,3648
scale_0cm,1986,1932,20240705.jpg,5472,3648
scale_1cm,2361,1966,20240705.jpg,5472,3648
scale_0cm,2794,443,20240708.jpg,5472,3648
scale_1cm,3117,454,20240708.jpg,5472,3648
scale_0cm,2192,2395,20240710.jpg,5472,3648
scale_1cm,2518,2416,20240710.jpg,5472,3648
scale_0cm,2708,2445,20240712.jpg,5472,3648
scale_1cm,3002,2458,20240712.jpg,5472,3648
scale_0cm,2614,2246,20240716.jpg,5472,3648
scale_1cm,2911,2259,20240716.jpg,5472,3648
scale_0cm,2367,2001,20240719.jpg,5472,3648
scale_1cm,2659,1994,20240719.jpg,5472,3648
scale_0cm,2670,2484,20240723.jpg,5472,3648
scale_1cm,2982,2494,20240723.jpg,5472,3648
scale_0cm,2965,2171,20240726.jpg,5472,3648
scale_1cm,3279,2210,20240726.jpg,5472,3648
scale_0cm,2585,2593,20240730.jpg,5472,3648
scale_1cm,2874,2597,20240730.jpg,5472,3648
scale_0cm,3283,2126,20240802.jpg,5472,3648
scale_1cm,3565,2141,20240802.jpg,5472,3648
scale_0cm,1365,1750,20240806.jpg,5472,3648
scale_1cm,1660,1760,20240806.jpg,5472,3648
scale_0cm,3013,2254,20240809.jpg,5472,3648
scale_1cm,3310,2259,20240809.jpg,5472,3648
scale_0cm,2967,2209,20240813.jpg,5472,3648
scale_1cm,3218,2197,20240813.jpg,5472,3648
scale_0cm,2701,2213,20240816.jpg,5472,3648
scale_1cm,2993,2204,20240816.jpg,5472,3648
scale_0cm,2966,2278,20240820.jpg,5472,3648
scale_1cm,3231,2282,20240820.jpg,5472,3648
scale_0cm,2868,2069,20240823.jpg,5472,3648
scale_1cm,2982,2071,20240823.jpg,5472,3648
scale_0cm,2816,688,20240903.jpg,5472,3648
scale_1cm,3036,681,20240903.jpg,5472,3648
scale_0cm,2606,651,20240906.jpg,5472,3648
scale_1cm,2835,646,20240906.jpg,5472,3648
scale_0cm,2888,416,20240910.jpg,5472,3648
scale_1cm,3127,418,20240910.jpg,5472,3648
scale_0cm,1654,590,20240913.jpg,5472,3648
scale_1cm,1971,601,20240913.jpg,5472,3648
scale_0cm,2287,835,20240917.jpg,5472,3648
scale_1cm,2574,834,20240917.jpg,5472,3648
scale_0cm,780,1444,20240920.jpg,5472,3648
scale_1cm,1037,1441,20240920.jpg,5472,3648
scale_0cm,2540,382,20240924.jpg,5472,3648
scale_1cm,2727,386,20240924.jpg,5472,3648
scale_0cm,1925,1243,20240927.jpg,5472,3648
scale_1cm,2106,1248,20240927.jpg,5472,3648
scale_0cm,2111,2001,20241001.jpg,5472,3648
scale_1cm,2274,1992,20241001.jpg,5472,3648
scale_0cm,2056,1887,20241008.jpg,5472,3648
scale_1cm,2242,1877,20241008.jpg,5472,3648
scale_0cm,2366,2817,20241011.jpg,5472,3648
scale_1cm,2559,2814,20241011.jpg,5472,3648
scale_0cm,2033,1789,20241015.jpg,5472,3648
scale_1cm,2206,1773,20241015.jpg,5472,3648
scale_0cm,2353,2357,20241018.jpg,5472,3648
scale_1cm,2555,2350,20241018.jpg,5472,3648
scale_0cm,2624,2608,20241022.jpg,5472,3648
scale_1cm,2888,2614,20241022.jpg,5472,3648